alias,LB
^2gogoplata^7,18.13
^4u^3a^6Lasko^7,18.11
abso,17.46
^1r^2a^3n^4d^5a^6l^7l,14.67
Ant3stor,14.0
prodigy,13.93
antonio_by,13.12
om3n,12.98
^4masterclaaars^7,12.81
^7T^14^7NKH,12.74
^1shuukkx^7,12.16
NW1,12.07
proZaC,11.74
^^0Wood^7,11.12
^7haz_^4mat^7,11.11
^4#1 ^7un^54^7x*,10.87
^3[Œ†ŒùŒî]DHZ^7,10.71
1993,10.33
pecka,10.18
vasnur,9.67
snaga,9.67
frts,8.75
^1N^3e^2x^1on^360^2hz^7,8.37
^4E^7teto,7.65
^7k1lljo^1y^7,7.58
vulTure,7.56
^7fres^6ARN ^7in a^6C^7tion,7.08
cockroach,6.82
aesick,6.66
real_grubby,6.59
Krestjan,6.41
Drayan,6.24
lethal,6.21
MASTERMIND,5.95
Drebin,5.32
Dime,5.23
yeah,5.16
tripleSex,5.14
kroy,5.13
^6[E4]^7DM,4.67
KAK_AGENT,4.63
distel,4.09
M,3.76
Raist,3.68
gog,3.14
drki,3.12
gainon,2.99
KungFool,2.98
mirrorüè¥‚Äç‚ò†,2.95
r34.hokum,2.94
r41dan,2.87
pl^2^^7r1bo^7,2.84
tough maf,2.46
vendigo,2.36
ins,2.24
^4spooky^7,2.23
Shinobbi,2.13
d1zulya,2.1
^1RTP ^7bogOtac,2.04
prestij,2.04
sinc,1.98
Osnart,1.91
2dg,1.86
siXsiXsix,1.82
iam^4NX7^7,1.52
^2h^3u^1e ^7melech^2e^7sh,1.51
ne_raketa,1.3
^kos^7,1.01
^7jopozavr,1.0
bolus,0.66
invi,0.66
Dloobiq,0.39
^3Teplo^7,0.13
^7jackass,0.11
oi,0.08
calipt,-0.15
shiieeet,-0.52
ChessClub ‚ôú Neyron,-0.58
noctis,-0.6
HEADZ,-0.62
diabz,-0.77
^7lici,-0.78
luminus,-1.1
Valent1ne,-1.16
STiCKAN,-1.32
Klyb,-1.46
dzouKy,-1.81
stripy„ÉÑ,-1.88
kirson,-2.05
luke_ie,-2.2
f7xj,-2.36
ani,-2.43
Pumpkin60LG,-2.45
^1VK^7,-2.94
pavel,-2.94
twitch.tv/zanesql,-3.16
^6Roumanian^7Cham,-3.27
flfeelings,-3.3
fazz,-3.5
??Ol√©D√©y,-3.53
hiri,-3.61
luis,-3.7
sombre,-3.78
^4matr^21^4x.^7,-3.95
s7ry,-4.19
ZUSTARK,-4.21
liveth,-4.34
Vi Na KALTER_BOG,-4.38
^1WDSR^7* R^11^7EPA,-4.54
421,-4.67
owzo,-4.94
Eagleoa,-4.96
KosolapY,-5.21
Cheddar Cheese Puffs,-5.27
MAKIE,-5.28
^2unmd^7,-5.39
^1t^3o√±^2o^7,-5.53
Wallsnag,-5.55
tr1x0,-5.58
ALF1TO,-5.69
Ô¨ÅÔ¨Å,-5.84
pipeline,-5.94
mLaDkY,-5.95
Akado,-6.01
^6KILLALOT^7,-6.03
famelic,-6.39
empish,-6.53
zhen,-6.56
BANANMANX47,-7.14
^5faye   ‚óè^7,-7.15
toL,-7.24
≈§ix,-7.4
Bolland,-7.61
Senpai,-7.7
GashaSrey,-7.8
^7crystalwi5dom,-7.97
oddi,-8.12
Buv0,-8.5
bias,-8.5
Fulgore,-8.61
YNAM,-8.64
‚ò¢Ô∏è^1biohazard^7,-8.84
derzkaya,-8.9
BLuE,-9.04
emborg,-9.12
optimist,-9.22
phaze,-9.29
Dobez,-9.66
SmOkZz,-9.84
czm,-9.99
Timmy,-10.0
koshmare,-10.03
UwU,-10.13
^2‚Ä¢‚Ä¢‚Ä¢^3‚Ä¢‚Ä¢^1‚Ä¢^7 cajun,-10.27
Raven,-10.28
dmk1n,-10.7
Steve Jobs,-10.77
^2`^7`^3`^7,-11.11
Hypnotic,-11.14
^1AA  ^7Arices,-11.57
^1Svemirko^7,-11.74
p5ych^10^7,-12.0
FX,-12.23
Bjarke,-12.28
Kekpin,-12.31
^710^1elo^7guy ^1SOMBRES^3PING^7,-12.62
sg`,-12.92
namemane,-12.96
twitch.tv/xiphosnl,-13.21
PULZ ‚úø,-13.67
so^1ph^7ia,-13.8
cippi,-13.83
doz3r,-14.01
fau,-14.07
uebok,-14.3
bitkid,-14.39
twitch.tv/rashan0121,-14.72
fury/ffs,-14.88
jaysson,-14.89
tra,-14.95
Incanu7,-15.17
keyser z√∂za,-15.17
ParaNoiiA,-15.46
Karroider,-15.61
Batu,-15.76
^3AC/DC ^7Charv,-16.0
^1–ê^3^1A ^7 andjey,-16.14
garbol,-16.35
zcn,-16.35
spawnzzz,-16.36
SpryL3,-16.55
shiieeet,-16.76
allufewi,-16.78
OlegTopor2003,-16.82
devknof,-16.98
Visa,-17.48
slack.,-17.55
Prophy,-18.09
hamper_wf,-18.32
JunkZ,-18.36
HE4RT,-19.13
^3Rke^5.^7,-19.29
Karby,-19.44
Hoebs,-19.59
Lambaro,-19.68
Zedem0n,-19.9
swalz,-19.97
v^3++^7cee,-20.0
mingi,-20.56
dobromato,-20.58
saDas,-21.11
r3cke,-21.54
like_u,-21.64
massoth,-21.79
sh@dy,-21.92
standing in the rain,-22.45
NOR,-22.77
HANZO,-23.09
polterizer,-23.43
kakers,-23.43
Scucchi,-23.43
BeukeR,-23.58
stuff,-23.68
Qteeth,-23.83
lepwok,-23.86
rdmz,-24.12
grF?,-24.14
Adel,-24.19
swd,-24.21
wf^4/^7mschr.,-24.28
ÊúâÂæàÂ§öÂ∞èÁîµÂΩ±‰∏ÄËµ∑ÁúãÁúã,-24.31
Trixxter,-24.81
oriano,-24.87
fogüëª,-25.26
DMN,-25.44
jj4,-25.45
armaku,-25.72
Alostraz,-26.09
DrJ ‚ô¶,-26.12
cha^1koala^7,-26.24
^7jc^4b^7,-26.41
khan,-26.57
MaK3,-26.6
Kirreen,-26.61
LeopolD,-26.73
paypej,-26.91
Operaattori,-26.97
QuantuuM,-27.04
nvc,-27.19
^4d^1R^4ama^7,-27.21
luko1l,-27.25
Bored,-27.33
‚ú™ Ace,-27.44
kartmanio,-27.56
GOOGL3,-28.01
Chet0,-28.08
itk,-28.12
Respa,-28.35
PPurrZ,-28.52
kozo,-29.02
ljd,-29.16
^4[^7ek^1.^7raw^4]^7,-29.18
cityy,-29.77
god damned1,-30.08
modus,-30.78
vix,-31.53
^4b52. ^7evt,-31.58
fire_bot,-31.62
koshmare,-31.65
Skycl‚òÜW,-31.65
GGSh0w,-31.83
zlz,-31.9
Abe,-32.46
trippy,-32.68
mothergarage,-32.83
^1[h^4o^1mbr^43^7,-32.86
Vigur,-33.01
mouse*,-33.08
ZuLuA,-33.15
Bwobafet,-33.46
SniperXXL,-33.88
etozheyoj,-34.69
radz1k/m0ss,-34.84
neuropsychology,-35.03
^6kai^7 Vincent the ^3Beast^7,-35.12
ptolemy,-35.33
djo9,-35.56
Valunya,-35.58
^4TN ^2F10PPY^7,-36.08
trupac,-36.51
shi^5b^7,-36.89
l0l04,-37.08
Sture,-37.13
nettah,-37.58
Sev1,-37.72
DEFENDER,-38.53
DiaboloPewdy,-38.8
light,-39.03
Deni_the_FISH,-39.14
Nimrod,-39.4
touri^6Z^7t,-39.48
psx,-39.97
zolee,-40.58
krysa,-40.86
^3[Œ†ŒùŒî] ^4lost_lamb^7,-41.48
LaLaLogin,-41.54
^2400g. ^6| ^1f√≠≈ãƒ°‚ÑÆr^6sœâaƒ°^7,-42.18
Dark,-42.55
dansen,-42.97
^6deal ^7Silencep,-43.47
Spyros,-44.05
exooo,-44.48
^2razer ^7edge,-44.83
esdf,-44.87
vasho,-45.64
waters,-45.73
kodisha,-45.85
MolkyPolky,-46.5
scHildo,-46.6
^1D^4OO^1M^7a‚Ñ¢,-47.22
Dinning,-47.72
Lorm,-47.91
spfx,-48.02
luksus7,-48.55
Mayh,-49.01
anvi,-49.29
HellTigerCPM,-49.71
hur3r,-49.82
D4rkyFirefly,-49.86
bjqrn0,-50.1
Meshhead,-50.1
ufoboss,-50.59
flukkz,-50.63
vcxyvcxy2,-50.91
^3CRYING LAUGHING ^1TOMATO^7,-51.3
ABAD,-51.56
^1l^2u^3k^4a^5_^7,-52.19
IVNRay,-52.79
VeNge,-52.96
Broccoli,-53.15
[ESPA√ëOL] 144dian *NEOSTRADA,-53.99
siggma,-54.89
HipHopper2k7,-55.06
Karim,-55.29
mst_DOBIJACZ,-55.51
^6m^3r^5d ^7marcusm,-55.64
kira,-56.65
LEE ^1/ ^7LOVEME,-57.44
moogen,-57.56
Kanzi the bonobo,-57.7
^1[nWo]^3_OzzO_^7,-58.32
Laforge,-58.49
zygnusX,-58.83
professional cybergames athlete,-59.48
para,-59.98
C3noB1t,-60.09
Loxotron,-60.18
anymal,-60.66
GMT,-60.95
¬Ø…ê ûd…êx é û,-61.19
BaMoFu,-61.56
SitDownWee,-62.22
Constant,-62.37
raw,-62.41
flexeh,-62.56
AUDIOVEGAS,-63.47
lil BONiEK,-63.8
Unnamedtony,-63.81
jb2k,-63.99
f^4oo ^7t^4o^7p^4e^7k,-64.22
thomassonvaldemar,-64.27
4 20,-64.69
pic,-64.99
ILMYR,-66.27
edgar davison,-66.84
^7f^4oo ^7p^41^7t,-67.22
Soylent Warrior,-67.28
Hastiest Traitor,-67.31
FATma^3n^7,-67.44
^4Sla^7Y^4eR^7,-68.02
iLLEGaL_MentAl_ManiAK_47XD?,-68.32
King_Karl,-68.45
pele^1_storm^7,-68.63
sephrenia,-68.71
^4michal^7,-70.68
Dawnraven,-70.91
DECAY,-72.76
bjrn,-72.85
amakaz,-74.89
